,solution_id,DESIGNATION,SOURCE_ID,random_index,ref_epoch,ra,ra_error,dec,dec_error,parallax,parallax_error,parallax_over_error,pm,pmra,pmra_error,pmdec,pmdec_error,ra_dec_corr,ra_parallax_corr,ra_pmra_corr,ra_pmdec_corr,dec_parallax_corr,dec_pmra_corr,dec_pmdec_corr,parallax_pmra_corr,parallax_pmdec_corr,pmra_pmdec_corr,astrometric_n_obs_al,astrometric_n_obs_ac,astrometric_n_good_obs_al,astrometric_n_bad_obs_al,astrometric_gof_al,astrometric_chi2_al,astrometric_excess_noise,astrometric_excess_noise_sig,astrometric_params_solved,astrometric_primary_flag,nu_eff_used_in_astrometry,pseudocolour,pseudocolour_error,ra_pseudocolour_corr,dec_pseudocolour_corr,parallax_pseudocolour_corr,pmra_pseudocolour_corr,pmdec_pseudocolour_corr,astrometric_matched_transits,visibility_periods_used,astrometric_sigma5d_max,matched_transits,new_matched_transits,matched_transits_removed,ipd_gof_harmonic_amplitude,ipd_gof_harmonic_phase,ipd_frac_multi_peak,ipd_frac_odd_win,ruwe,scan_direction_strength_k1,scan_direction_strength_k2,scan_direction_strength_k3,scan_direction_strength_k4,scan_direction_mean_k1,scan_direction_mean_k2,scan_direction_mean_k3,scan_direction_mean_k4,duplicated_source,phot_g_n_obs,phot_g_mean_flux,phot_g_mean_flux_error,phot_g_mean_flux_over_error,phot_g_mean_mag,phot_bp_n_obs,phot_bp_mean_flux,phot_bp_mean_flux_error,phot_bp_mean_flux_over_error,phot_bp_mean_mag,phot_rp_n_obs,phot_rp_mean_flux,phot_rp_mean_flux_error,phot_rp_mean_flux_over_error,phot_rp_mean_mag,phot_bp_rp_excess_factor,phot_bp_n_contaminated_transits,phot_bp_n_blended_transits,phot_rp_n_contaminated_transits,phot_rp_n_blended_transits,phot_proc_mode,bp_rp,bp_g,g_rp,radial_velocity,radial_velocity_error,rv_method_used,rv_nb_transits,rv_nb_deblended_transits,rv_visibility_periods_used,rv_expected_sig_to_noise,rv_renormalised_gof,rv_chisq_pvalue,rv_time_duration,rv_amplitude_robust,rv_template_teff,rv_template_logg,rv_template_fe_h,rv_atm_param_origin,vbroad,vbroad_error,vbroad_nb_transits,grvs_mag,grvs_mag_error,grvs_mag_nb_transits,rvs_spec_sig_to_noise,phot_variable_flag,l,b,ecl_lon,ecl_lat,in_qso_candidates,in_galaxy_candidates,non_single_star,has_xp_continuous,has_xp_sampled,has_rvs,has_epoch_photometry,has_epoch_rv,has_mcmc_gspphot,has_mcmc_msc,in_andromeda_survey,classprob_dsc_combmod_quasar,classprob_dsc_combmod_galaxy,classprob_dsc_combmod_star,teff_gspphot,teff_gspphot_lower,teff_gspphot_upper,logg_gspphot,logg_gspphot_lower,logg_gspphot_upper,mh_gspphot,mh_gspphot_lower,mh_gspphot_upper,distance_gspphot,distance_gspphot_lower,distance_gspphot_upper,azero_gspphot,azero_gspphot_lower,azero_gspphot_upper,ag_gspphot,ag_gspphot_lower,ag_gspphot_upper,ebpminrp_gspphot,ebpminrp_gspphot_lower,ebpminrp_gspphot_upper,libname_gspphot,dist
0,1636148068921376768,Gaia DR3 604917625061651328,604917625061651328,780271500,2016.0,132.85054101353114,0.055256553,11.807407161462361,0.03141725,1.0984145590236534,0.06606167,16.627108,11.457471,-11.04388951607914,0.06934585,-3.0505970303980257,0.05920858,-0.36498588,-0.17109962,0.003179879,-0.16747889,0.21767464,-0.08333379,0.2131777,0.2276044,0.006352564,-0.37610888,374,0,374,0,-0.0123443315,384.55887,0.0,0.0,31,False,1.4388468,,,,,,,,43,17,0.106119774,45,7,0,0.07145592,13.975007,0,0,0.99864256,0.38930476,0.57325643,0.3219975,0.200531,-178.4258,12.481091,-57.75482,-17.198826,False,378,4300.292250009085,2.714618,1584.1243,16.603622,38,1758.1997992567462,26.290667,66.875435,17.225872,38,3800.5865685177428,33.51804,113.38928,15.798269,1.2926532,0,0,0,0,0,1.4276028,0.6222496,0.80535316,,,,,,,,,,,,,,,,,,,,,,,NOT_AVAILABLE,215.70040442814093,31.922066636611188,131.98218010792107,-5.60756130651689,False,False,0,True,False,False,False,False,True,True,False,1.0244944e-13,5.231386e-13,0.99995774,4397.889,4384.1367,4410.3164,4.5037,4.4917,4.5165,-0.1446,-0.1766,-0.1096,929.5177,915.7405,945.8339,0.1945,0.1746,0.2141,0.147,0.1318,0.1618,0.0776,0.0696,0.0855,MARCS,0.002639546378763613
1,1636148068921376768,Gaia DR3 604917629355038720,604917629355038720,489463705,2016.0,132.850311092646,0.013417646,11.806077942155428,0.007333114,1.1559613347905093,0.016312508,70.863495,11.511503,-11.139411248344263,0.01671277,-2.9031394729747797,0.01265993,-0.29335,-0.10471359,-0.07175186,-0.06782572,0.175233,-0.009478432,0.06510752,0.25602475,-0.12451087,-0.29623345,383,365,382,1,-1.9815003,499.27728,0.05358888,3.6462817,31,True,1.5729841,,,,,,,,44,17,0.024430456,46,8,0,0.093220256,13.325346,1,0,0.9278505,,,,,,,,,False,397,159713.22488265717,30.956549,5159.271,12.679014,40,88368.48080651273,46.457256,1902.1459,12.972798,40,101852.759146241,51.706795,1969.8138,12.227963,1.1910175,0,0,0,0,0,0.7448349,0.29378414,0.45105076,33.39791,3.8970828,1,16,11,12,19.090511,5.0908847,3.9077306e-09,902.36176,51.13795,6000.0,4.5,-0.25,111,,,,11.988029,0.033667486,5,,NOT_AVAILABLE,215.70171565786043,31.92130581399433,131.98232553538375,-5.608901652456847,False,False,0,True,True,False,False,False,True,True,False,1.0493143e-13,5.241272e-13,0.999712,5854.7104,5849.5283,5870.6387,3.8692,3.8632,3.9403,-0.3989,-0.4172,-0.2864,798.8673,738.8564,802.5237,0.002,0.0008,0.0035,0.0017,0.0007,0.003,0.0009,0.0003,0.0016,MARCS,0.0039276586826993715
2,1636148068921376768,Gaia DR3 604917629355039360,604917629355039360,67002387,2016.0,132.8469377922886,0.042236824,11.807361863587866,0.02416458,1.1065778094522156,0.050490905,21.916378,11.656208,-11.085430614333694,0.05155157,-3.6028354883888527,0.041016977,-0.24806468,-0.026194349,0.027397605,-0.08594364,0.12379228,-0.027128547,0.17698863,0.32341805,-0.13637072,-0.2406276,357,0,357,0,34.556328,2307.977,0.3344179,60.342213,31,False,1.5005183,,,,,,,,41,18,0.07529203,43,8,0,0.071826644,10.958024,0,0,2.5523248,0.4183657,0.5563901,0.33395717,0.2236084,-173.50116,10.839226,-54.36169,-18.71249,False,362,44970.617942868026,35.496365,1266.9077,14.055045,36,21634.023026599934,70.90066,305.1315,14.500699,37,33633.823280224584,71.7264,468.9183,13.430955,1.2289768,0,1,0,0,0,1.0697441,0.44565392,0.6240902,20.162373,4.8198195,2,23,12,15,9.61978,,,902.36176,,4750.0,3.5,-0.75,111,,,,12.941814,0.080226265,11,,NOT_AVAILABLE,215.69871342641716,31.918844590999296,131.97878196802944,-5.608563586500259,False,False,0,True,True,False,False,False,True,True,False,1.0325312e-13,5.1574413e-13,0.99987817,5343.281,5304.9453,5378.925,3.8437,3.782,3.8703,-0.3401,-0.378,-0.3109,1023.7925,1000.0395,1090.389,0.3802,0.3543,0.4048,0.3091,0.2877,0.3295,0.1661,0.1547,0.1771,MARCS,0.003993591728047157
3,1636148068921376768,Gaia DR3 604917629354073728,604917629354073728,935445147,2016.0,132.84902273870503,0.54562396,11.805027778417527,0.24014713,3.1237630586971585,0.6868323,4.5480723,7.477883,-4.706776158621859,0.62233436,-5.810764956450521,0.46695754,-0.20391406,-0.41128337,-0.06499961,0.31395835,0.06897768,0.14016224,-0.13408422,0.31623247,-0.4966397,-0.1392252,321,0,320,1,-0.52441597,346.9159,0.0,0.0,95,False,,0.9915541,0.09932205,-0.16607893,-0.16435999,-0.19250278,-0.126716,0.2536318,38,16,0.90916,41,7,0,0.032090843,90.37157,0,0,0.97809273,0.42014158,0.6457313,0.28475988,0.2981591,-167.02179,5.278122,-52.846977,-9.628726,False,330,200.4600112815124,0.89120156,224.9323,19.932297,21,55.185893284884145,8.814949,6.260489,20.983973,29,253.8512826476781,14.593653,17.394636,18.736446,1.54164,0,0,0,1,0,2.2475262,1.0516758,1.1958504,,,,,,,,,,,,,,,,,,,,,,,NOT_AVAILABLE,215.7022172966357,31.91972090643805,131.98139290651704,-5.6102550691199085,False,False,0,False,False,False,False,False,False,False,False,1.2464107e-11,2.3813904e-09,0.99999267,,,,,,,,,,,,,,,,,,,,,,,0.005058841311601168
4,1636148068921376768,Gaia DR3 604917629355038848,604917629355038848,509091296,2016.0,132.8454253721632,0.012459375,11.813720717979884,0.0071338867,1.1644076200402365,0.015232681,76.441414,11.395696,-11.033650343575852,0.015510631,-2.8496391354890416,0.011798521,-0.29159623,-0.0857681,-0.070075795,-0.06733307,0.17738591,-0.008396446,0.041754633,0.25345448,-0.12980789,-0.3027636,366,366,365,1,-2.1983435,469.63852,0.03901617,1.960192,31,True,1.5753127,,,,,,,,42,17,0.022723941,43,8,1,0.09381112,13.252643,0,0,0.9183015,,,,,,,,,False,340,179996.7047748994,39.14663,4598.0127,12.549206,36,100096.45318246217,56.03442,1786.3387,12.837496,35,114323.20881012981,38.5345,2966.7754,12.102559,1.1912421,0,0,0,0,0,0.7349367,0.28829002,0.4466467,37.05414,9.14221,1,19,9,12,19.813267,19.30919,0.0,870.9536,117.25303,6000.0,4.5,-0.5,101,,,,11.865091,0.024234133,10,20.139835,NOT_AVAILABLE,215.69117959950657,31.920161810586404,131.9756138028712,-5.60284649619241,False,False,0,True,True,True,False,False,False,True,False,1.0679834e-13,5.3345235e-13,0.99952716,,,,,,,,,,,,,,,,,,,,,,,0.005830039785603682
5,1636148068921376768,Gaia DR3 604917698073552640,604917698073552640,1458302326,2016.0,132.84293097103154,0.45522094,11.812018820507323,0.24804763,0.846232349539159,0.61905575,1.3669727,6.0078406,-4.910936579021049,0.5881273,-3.4607590930988366,0.417589,-0.30312198,-0.18023713,-0.28493825,0.10260947,0.18202907,0.14986676,-0.21114613,0.50472635,-0.37462074,-0.30860567,345,0,340,5,0.5700992,366.60013,0.0,0.0,95,False,,1.3624165,0.09993259,-0.05602173,-0.20662986,-0.31231335,-0.09151347,0.3189755,41,18,0.8993056,44,8,2,0.12698574,7.618846,8,0,1.0211335,0.40009174,0.5841802,0.28979087,0.23089494,-168.82985,8.498973,-53.34006,-17.463505,False,349,192.62022669009002,0.86105925,223.70148,19.975613,33,83.80103178789538,9.404019,8.911193,20.530418,36,338.14951317324494,9.992392,33.8407,18.425123,2.1905828,0,33,0,36,0,2.1052952,0.55480576,1.5504894,,,,,,,,,,,,,,,,,,,,,,,NOT_AVAILABLE,215.6917965972752,31.917232055330597,131.97371763526257,-5.605147923934205,False,False,0,False,False,False,False,False,False,False,False,5.706035e-11,7.129717e-06,0.9999492,,,,,,,,,,,,,,,,,,,,,,,0.007215079655801689
6,1636148068921376768,Gaia DR3 604917663714774784,604917663714774784,1700502935,2016.0,132.85391265515494,0.015508066,11.816874464105041,0.00856372,1.2258146711835962,0.019640155,62.413696,10.372259,-9.847699282419299,0.01946015,-3.256774812901664,0.014130231,-0.26570103,-0.06091058,-0.09814699,0.040643744,0.20272197,0.10208922,-0.012161955,0.36145592,-0.1979888,-0.2334957,361,0,360,1,4.131624,516.939,0.06452274,4.091834,31,False,1.5676142,,,,,,,,42,18,0.028323764,45,9,0,0.06363412,8.57063,0,0,1.1580116,0.33367863,0.56846666,0.30340636,0.24130929,179.44258,11.144899,-58.15358,-16.779718,False,365,108908.87665856008,29.609295,3678.199,13.094708,40,59725.106874322955,37.89299,1576.1519,13.3981495,38,70317.17813337604,32.48352,2164.7031,12.630242,1.1940467,0,0,0,0,0,0.76790714,0.30344105,0.4644661,35.360603,1.9452891,2,21,10,12,14.927497,,,870.9536,,5750.0,4.5,-0.25,101,,,,12.375519,0.029413357,11,,NOT_AVAILABLE,215.69190158456018,31.92902660159898,131.9827854702207,-5.597553386747785,False,False,0,True,True,False,False,False,False,True,False,1.03910167e-13,5.1902607e-13,0.99981314,5904.9004,5893.588,5917.378,4.0118,3.9861,4.0299,-0.3533,-0.3644,-0.3445,792.1054,771.703,819.9122,0.0122,0.0058,0.0199,0.0103,0.0049,0.0168,0.0055,0.0026,0.0091,PHOENIX,0.0078714809378394
7,1636148068921376768,Gaia DR3 604917663714774272,604917663714774272,183242236,2016.0,132.85762241691984,0.041218814,11.812667685364396,0.02053518,1.1015407184512493,0.052074824,21.153038,11.64583,-11.173787200458285,0.050051365,-3.282048551879108,0.034633618,-0.28921643,-0.3048299,-0.16440998,0.1279952,0.197684,0.110683754,-0.035326958,0.3864476,-0.3071037,-0.21106985,352,0,350,2,-0.1506029,354.7465,0.0,0.0,31,False,1.4634309,,,,,,,,41,17,0.073413596,45,9,0,0.04336735,13.366872,0,0,0.99330795,0.45239326,0.5936708,0.3151612,0.21028674,-172.27768,10.3950405,-54.007404,-14.083832,False,346,8625.91196381993,3.0715685,2808.3086,15.847855,29,3748.645141281207,15.255978,245.71648,16.403856,30,6901.146077377969,18.189325,379.40637,15.150593,1.2346278,0,0,0,1,0,1.2532635,0.55600166,0.6972618,,,,,,,,,,,,,,,,,,,,,,,NOT_AVAILABLE,215.69819405098823,31.93056365969922,131.98744572615112,-5.600614617146549,False,False,0,True,False,False,False,False,True,True,False,1.0259681e-13,5.1247846e-13,0.99994314,4543.977,4533.1064,4561.367,4.1769,4.1594,4.1928,-0.5957,-0.6298,-0.5518,1179.3005,1153.1456,1205.9913,0.0187,0.0052,0.0373,0.0144,0.004,0.029,0.0077,0.0021,0.0154,PHOENIX,0.007920053033736272
8,1636148068921376768,Gaia DR3 604917629355040896,604917629355040896,131126493,2016.0,132.8421994417987,0.034000006,11.807751792394754,0.019937992,1.1691609936094862,0.041188832,28.385387,11.4789915,-11.063504733290895,0.04151057,-3.0604091035192464,0.03045822,-0.30165875,-0.04837093,-0.082672074,0.0004253832,0.0853157,0.03554257,-0.0071809,0.3289032,-0.17270726,-0.19900644,360,0,359,1,3.3880377,470.24945,0.13330026,3.1449485,31,False,1.4862297,,,,,,,,42,18,0.059742115,45,9,0,0.07708465,12.772606,0,0,1.1290147,0.33566132,0.5444232,0.30590034,0.2174528,-174.21416,12.147024,-53.943943,-21.704933,False,342,12602.98746474831,3.8526099,3271.2856,15.436183,32,5876.003904065007,14.338639,409.80206,15.915837,33,9637.053818541246,12.352854,780.14795,14.788034,1.2309033,0,1,0,1,0,1.1278028,0.4796543,0.64814854,,,,,,,,,,,,,,,,,,,,,,,NOT_AVAILABLE,215.69600889458812,31.91479565304558,131.9741905143234,-5.609448943420403,False,False,0,True,False,False,False,False,True,True,False,1.0238198e-13,5.1142e-13,0.9999644,5020.8257,4999.776,5043.7334,4.4516,4.4256,4.4723,-0.3564,-0.3815,-0.3317,856.3307,827.6485,896.4397,0.2262,0.2073,0.2451,0.1809,0.1656,0.1961,0.0966,0.0885,0.1047,MARCS,0.007963542165495972
9,1636148068921376768,Gaia DR3 604917659419190656,604917659419190656,580054079,2016.0,132.85613980132848,0.07224661,11.81526991345497,0.03843475,0.9809370682808016,0.09323834,10.520748,11.460933,-11.067334633721337,0.092047594,-2.977765455888119,0.06342746,-0.28946182,-0.22481939,-0.18370536,0.08937143,0.2551378,0.15354851,-0.036744606,0.46042186,-0.23186544,-0.22450018,371,0,369,2,1.0864097,412.06702,0.20681737,1.7802196,31,False,1.3650632,,,,,,,,43,17,0.13580768,45,9,0,0.040125154,7.793511,0,0,1.0396062,0.44434798,0.59493315,0.32748225,0.208038,-174.9789,10.587492,-56.618008,-14.743497,False,365,3105.0226180318273,2.3002174,1349.8822,16.957205,33,981.677124745753,11.565494,84.87983,17.85862,30,3161.6808370075996,11.749625,269.0878,15.9981,1.3344051,0,2,0,3,0,1.8605194,0.9014149,0.95910454,,,,,,,,,,,,,,,,,,,,,,,NOT_AVAILABLE,215.69469367895246,31.930334868657056,131.9853316587444,-5.598504908049083,False,False,0,True,False,False,False,False,True,True,False,1.06806396e-13,5.5818626e-13,0.99952716,4086.307,4078.1697,4095.6768,4.6516,4.6411,4.6621,0.0025,-0.011,0.0206,590.1867,584.7515,596.676,0.5967,0.5808,0.6125,0.4282,0.4167,0.4397,0.2327,0.2265,0.2388,MARCS,0.007992504368546233
10,1636148068921376768,Gaia DR3 604917629355037568,604917629355037568,926687715,2016.0,132.8552415064304,0.018731346,11.803761895867133,0.010485891,1.1659984855010577,0.022927593,50.855682,11.32296,-10.950139287162754,0.023561636,-2.881642833580964,0.01874559,-0.30168512,-0.007366465,-0.08363588,0.02864064,0.13586465,0.05631945,0.059304185,0.27321965,-0.043045625,-0.29974213,360,0,350,10,3.3581715,443.88644,0.052860428,1.6316264,31,True,1.5366483,,,,,,,,42,17,0.034758277,45,8,0,0.07946241,13.06481,0,0,1.1295235,0.35329005,0.5673696,0.3602722,0.1944143,-174.86241,13.302066,-54.47759,-17.420244,False,361,47952.51193797015,11.556478,4149.406,13.985338,37,24769.736590441134,35.173946,704.2069,14.353739,35,32906.28873122051,21.976826,1497.3176,13.454699,1.2027738,0,1,0,0,0,0.8990402,0.36840057,0.53063965,37.02043,4.6556163,2,18,5,10,8.014474,,,902.36176,,5500.0,4.0,0.0,111,,,,13.083366,0.07061127,13,,NOT_AVAILABLE,215.70657418490808,31.924719108076623,131.9876248967962,-5.609818564191716,False,False,0,False,False,False,False,False,True,True,False,1.0313054e-13,5.1513183e-13,0.99989027,5546.482,5532.159,5561.5137,4.2914,4.2823,4.3016,-0.3513,-0.3663,-0.3368,803.2261,789.2553,817.4798,0.0623,0.055,0.0701,0.0515,0.0454,0.0579,0.0275,0.0242,0.031,PHOENIX,0.008068784425803728
11,1636148068921376768,Gaia DR3 604917663714774912,604917663714774912,848240020,2016.0,132.8583315378282,0.07821021,11.807583116102906,0.042496935,1.0782169259290968,0.10068083,10.709257,11.16066,-10.67024781252615,0.09933175,-3.2720222258043368,0.0695875,-0.28941017,-0.18365492,-0.16632093,0.12328472,0.23685348,0.16732958,-0.083603,0.44655785,-0.24839365,-0.23183222,379,0,377,2,-1.6873,342.48907,0.0,0.0,31,False,1.3795376,,,,,,,,44,17,0.14661455,46,8,0,0.043831527,9.774915,0,0,0.93790555,0.3715001,0.5800406,0.32936987,0.24392213,-179.80585,10.755843,-58.161633,-15.1851425,False,392,2284.6784505139462,1.7481792,1306.8903,17.290304,41,753.3005892401653,12.158018,61.95916,18.146122,40,2215.808021153801,13.097782,169.17429,16.384066,1.2995739,0,3,0,3,0,1.7620564,0.8558178,0.90623856,,,,,,,,,,,,,,,,,,,,,,,NOT_AVAILABLE,215.70397729804787,31.929065664726714,131.98950582810372,-5.6053189841429045,False,False,0,True,False,False,False,False,True,True,False,1.04103975e-13,5.717454e-13,0.99979824,4173.646,4158.2837,4189.789,4.508,4.4947,4.5174,0.0055,-0.0109,0.0401,952.2431,941.54,967.6722,0.573,0.5402,0.5969,0.4163,0.3923,0.434,0.2236,0.2109,0.2329,MARCS,0.008498572837368833
12,1636148068921376768,Gaia DR3 604917732434252032,604917732434252032,992891365,2016.0,132.84788105468462,0.04025893,11.818283946187028,0.0227985,1.1473345058209448,0.048819963,23.501339,11.466459,-11.0684059507635,0.05052856,-2.995010596710352,0.039775476,-0.30087578,-0.11522303,-0.033241134,-0.09179539,0.17934607,-0.019877512,0.1398678,0.30626422,-0.1273204,-0.27587074,372,0,369,3,1.4763529,421.89667,0.11542942,1.6024309,31,True,1.4733601,,,,,,,,43,18,0.074133776,45,8,0,0.081144445,13.095738,1,0,1.0542811,0.4036516,0.5582769,0.34486848,0.21660358,-177.14479,11.907728,-56.996155,-19.508644,False,384,8054.687007057214,3.06557,2627.4678,15.922245,35,3588.045795947614,12.6700535,283.19104,16.451397,34,6379.2117067259705,35.8271,178.0555,15.235978,1.2374481,0,5,0,2,0,1.2154188,0.5291519,0.6862669,,,,,,,,,,,,,,,,,,,,,,,NOT_AVAILABLE,215.68748208015077,31.924254663608636,131.97669181609422,-5.597801743832779,False,False,0,True,False,False,False,False,True,True,False,1.0251475e-13,5.12069e-13,0.99995124,4791.307,4771.497,4810.869,4.552,4.5346,4.5669,0.0956,0.0631,0.1257,868.5829,847.2957,895.9994,0.1041,0.0855,0.1257,0.0816,0.0669,0.0986,0.0429,0.0352,0.0518,MARCS,0.008546659524419216
13,1636148068921376768,Gaia DR3 604917423196681088,604917423196681088,1189354116,2016.0,132.8534685240188,0.05052864,11.801112786767174,0.028407956,1.0702313584432985,0.05951005,17.984045,11.511422,-11.261721584155069,0.06490095,-2.384630825775367,0.056616373,-0.34831813,0.019859873,0.109785356,-0.28564936,0.14739469,-0.19151868,0.36776274,0.25456986,-0.13283008,-0.40158084,334,0,334,0,30.388878,1912.9371,0.35821548,57.901566,31,False,1.527599,,,,,,,,39,15,0.10207153,42,6,0,0.086187154,12.707327,0,0,2.3930757,0.39870167,0.6002794,0.36619675,0.22890021,-179.55777,11.193439,-57.073376,-12.330884,False,349,35743.757763987946,7.21027,4957.34,14.304366,27,18119.457295415858,32.2395,562.0267,14.693179,23,25098.723512912617,25.601425,980.3643,13.748766,1.2091113,0,0,0,0,0,0.9444132,0.38881302,0.55560017,29.798393,3.542371,2,23,10,13,7.557862,,,870.9536,,5250.0,3.5,-0.5,111,,,,13.365636,0.104011565,13,,NOT_AVAILABLE,215.70855259508215,31.922033951498594,131.98667032943004,-5.612839698022601,False,False,0,False,False,False,False,False,True,True,False,1.0316112e-13,5.1528454e-13,0.9998872,5203.6274,5200.007,5210.4194,4.1919,4.1798,4.1981,-0.763,-0.7772,-0.7487,913.6978,903.3044,931.732,0.0033,0.0008,0.0088,0.0027,0.0006,0.0072,0.0015,0.0003,0.0039,MARCS,0.009506181807081153
14,1636148068921376768,Gaia DR3 604917629355042176,604917629355042176,268619253,2016.0,132.84496547830224,0.014302257,11.800481666248837,0.007972482,1.1576240674580507,0.018031307,64.20079,11.329171,-10.965692689097807,0.0181951,-2.8467022804416047,0.013601324,-0.2710338,0.026970647,-0.0069130375,-0.0752417,0.10428491,-0.011214803,0.06071742,0.31606832,-0.29144898,-0.26549247,375,375,367,8,-0.7154119,695.9868,0.07187401,7.7119284,31,False,1.4639198,,,,,,,,43,17,0.026586661,47,8,0,0.07026175,12.67058,0,0,0.9726176,,,,,,,,,False,374,1610568.1927740597,217.02054,7421.271,10.169919,43,707916.2360026292,218.133,3245.3423,10.713588,42,1283472.400955056,274.783,4670.8584,9.476929,1.236451,0,0,0,0,0,1.236659,0.54366875,0.6929903,33.760544,0.13778783,1,18,12,10,118.37946,-1.9096439,0.920041,701.68555,1.0837097,4750.0,2.5,0.0,222,,,,9.210403,0.01879315,2,125.22058,NOT_AVAILABLE,215.70512237769472,31.91421098443856,131.97879416033345,-5.615709509016202,False,False,0,True,True,True,False,False,False,True,False,1.0225834e-13,5.107753e-13,0.9999767,,,,,,,,,,,,,,,,,,,,,,,0.010715965823813761
15,1636148068921376768,Gaia DR3 604917732434325248,604917732434325248,202270059,2016.0,132.8456268130823,0.016089829,11.820309197285223,0.008665744,1.1856353394322168,0.019077068,62.14977,11.103244,-10.656424678884399,0.021016864,-3.118113620425383,0.0145979915,-0.25554568,-0.11612497,0.029275637,-0.036421206,0.18093118,-0.028629635,0.066496305,0.074597,-0.15273742,-0.15552042,331,0,330,1,3.3517375,439.326,0.058544803,3.4211657,31,False,1.6014601,,,,,,,,38,16,0.029397722,40,7,0,0.10914236,11.673112,0,0,1.1332363,0.37757707,0.5709735,0.32273528,0.24245521,-178.54764,9.360312,-57.761135,-18.302225,False,324,103249.02111064953,26.527662,3892.1267,13.152652,35,60086.10385689802,29.016674,2070.744,13.391607,35,62134.57522597914,30.94399,2007.969,12.764563,1.1837466,0,1,0,0,0,0.6270447,0.2389555,0.38808918,39.589355,5.0062413,2,16,4,9,10.94938,,,851.52484,,6250.0,4.0,-0.25,111,,,,12.511736,0.068766534,12,,NOT_AVAILABLE,215.68422698993922,31.923098304424805,131.97400515973433,-5.59645244881159,False,False,0,True,True,False,False,False,True,True,False,1.0493143e-13,5.241272e-13,0.999712,6437.5215,6415.63,6449.513,4.1754,4.0253,4.2093,-0.18,-0.1888,-0.1708,883.4884,841.7272,1102.878,0.0796,0.0721,0.0861,0.0692,0.0627,0.0749,0.0373,0.0337,0.0404,MARCS,0.011170118621479822
16,1636148068921376768,Gaia DR3 604917663716360576,604917663716360576,324647624,2016.0,132.86174322974873,7.256874,11.811254406122044,3.9149547,,,,,,,,,-0.22101156,,,,,,,,,,375,375,375,0,2695.5688,111582136.0,64.49781,4094493.2,3,False,,,,,,,,,43,17,12.478242,52,52,0,0.29690656,54.108135,79,0,,,,,,,,,,False,376,886482.5416097668,11773.051,75.29761,10.818192,39,725679.3420850241,2365.0376,306.83627,10.68668,39,842334.5235946896,2756.7517,305.55328,9.934184,1.768804,0,18,0,24,0,0.75249577,-0.13151169,0.88400745,,,,,,,,,,,,,,,,,,,,,,,NOT_AVAILABLE,215.7016958262346,31.933635286939918,131.99173204154684,-5.600878070829251,False,False,0,True,True,False,False,False,False,False,False,3.1876188e-09,1.3218071e-09,0.9999065,,,,,,,,,,,,,,,,,,,,,,,0.01155768916701843
17,1636148068921376768,Gaia DR3 604917663713803904,604917663713803904,324682746,2016.0,132.86203403805786,0.10502333,11.810972331836632,0.031669695,1.0112575940484927,0.078494504,12.883164,8.038735,-7.8691243008969405,0.26179996,-1.6426027301167956,0.10689649,0.42961168,0.2864758,-0.093329765,-0.08593293,0.29182243,0.047439672,0.016463622,-0.13797688,-0.2589772,0.87497157,226,0,221,5,35.689247,2258.5115,0.37184942,85.121635,31,False,1.5688182,,,,,,,,26,9,0.3851975,30,5,4,0.11254967,55.0076,23,39,3.1386821,0.28029868,0.8432283,0.37736592,0.58821476,172.0486,-6.665795,56.888763,-9.256672,False,139,92004.89992033486,64.13175,1434.6232,13.27784,0,,,,,0,,,,,,,,,,0,,,,,,,,,,,,,,,,,,,,,,,,,,NOT_AVAILABLE,215.70213808156228,31.93377572764269,131.9920843424915,-5.601072128976311,False,False,0,False,False,False,False,False,False,True,False,2.0132761e-08,2.2259559e-09,0.999955,,,,,,,,,,,,,,,,,,,,,,,0.011813999769868029
18,1636148068921376768,Gaia DR3 604917659419033600,604917659419033600,1094295944,2016.0,132.8580872508589,0.013448755,11.819144373157416,0.007596446,1.1427199543664086,0.016096551,70.9916,11.595585,-11.284547345415257,0.016954126,-2.6676918088649884,0.013709563,-0.30754346,-0.06766531,-0.08786311,-0.034739934,0.14927419,0.0064363303,0.06667457,0.22414055,-0.08813835,-0.32430726,365,0,360,5,-0.61752355,367.7532,0.0,0.0,31,False,1.572965,,,,,,,,42,17,0.025198203,44,8,0,0.089299515,13.168953,1,0,0.97598296,0.3716104,0.5597136,0.3446821,0.21108064,-175.6998,12.343614,-55.747128,-19.00556,False,371,109297.07178114151,26.158192,4178.3115,13.090845,40,60487.269623776454,40.20666,1504.4092,13.384382,37,69790.50540225302,32.42949,2152.0693,12.638405,1.1919603,0,0,0,0,0,0.7459774,0.29353714,0.45244026,34.800556,2.4073048,2,14,8,9,12.076964,,,852.9503,,6000.0,4.5,-0.25,101,,,,12.420769,0.06455329,6,,NOT_AVAILABLE,215.6914875009332,31.933687637765598,131.9861165034929,-5.594258165946715,False,False,0,True,True,False,False,False,True,True,False,1.03717565e-13,5.1806405e-13,0.99983215,5907.3906,5890.7676,5923.3354,4.0477,4.0212,4.0684,-0.2532,-0.2736,-0.2375,776.6749,746.6748,802.2805,0.0266,0.0161,0.0361,0.0225,0.0136,0.0306,0.0121,0.0073,0.0165,MARCS,0.012095232968318805
19,1636148068921376768,Gaia DR3 604917698074587136,604917698074587136,1633035179,2016.0,132.8400304800094,0.028602244,11.817360873933733,0.015298641,1.1972278837024026,0.033905935,35.310276,11.310134,-10.941749834037864,0.036955442,-2.8630830825637776,0.026664414,-0.24414732,-0.09652943,-0.06287099,-0.063869126,0.17434599,-0.010537304,0.09622387,0.1949929,-0.20384406,-0.13923028,349,0,344,5,2.2739491,416.30798,0.08517528,1.942953,31,False,1.5197688,,,,,,,,40,17,0.05195153,42,7,0,0.097993866,12.227997,1,0,1.0875782,0.4078824,0.5788372,0.354256,0.2385409,-177.76701,8.283464,-57.931732,-17.54827,False,360,18889.89336519627,7.9707413,2369.9043,14.996793,37,9492.716450959213,28.455048,333.60394,15.395066,38,13424.409448140548,17.063736,786.72156,14.428158,1.2131951,0,0,0,0,0,0.96690845,0.39827347,0.568635,,,,,,,,,,,,,,,,,,,,,,,VARIABLE,215.68468090972263,31.91688949839384,131.96951352433274,-5.600778525975656,False,False,0,True,True,False,True,False,True,True,False,1.0266168e-13,5.1937984e-13,0.9999367,5663.9785,5583.595,5678.7583,4.2917,4.2148,4.4076,-0.0784,-0.146,-0.0667,1099.7986,925.9185,1215.5566,0.2508,0.2079,0.261,0.2061,0.1706,0.2147,0.1096,0.0908,0.1143,PHOENIX,0.012231386735577422
20,1636148068921376768,Gaia DR3 604917698073560192,604917698073560192,503048963,2016.0,132.83671750153115,0.8879213,11.810475892920252,0.50826144,-0.2793444206893304,1.131498,-0.24688017,1.9203931,0.08362757993759626,1.180196,-1.9185713769624901,0.954,-0.25839463,-0.07584565,-0.20681934,-0.07486006,0.2759925,0.056177516,-0.044193223,0.32184762,0.10060494,-0.13493854,243,0,242,1,2.4132135,313.94855,1.5598593,0.77479947,95,False,,1.5113729,0.20692016,-0.11567554,-0.20923038,-0.18549407,0.14691961,0.23133844,29,15,1.6879511,31,4,1,0.12968247,7.071205,0,0,1.1116453,0.37493947,0.5663441,0.42379382,0.2210032,177.1635,9.421723,-57.59786,-16.926119,False,252,102.05366671410393,0.7503322,136.01132,20.665295,17,53.07930044205494,7.207538,7.3644147,21.02623,20,65.97282781635442,9.949917,6.6304903,20.199482,1.166564,0,0,0,0,0,0.8267479,0.3609352,0.46581268,,,,,,,,,,,,,,,,,,,,,,,NOT_AVAILABLE,215.69044836482828,31.911062731158072,131.96825783046913,-5.608285655895164,False,False,0,False,False,False,False,False,False,False,False,0.04669638,1.8586817e-06,0.95329916,,,,,,,,,,,,,,,,,,,,,,,0.013016070645044068
21,1636148068921376768,Gaia DR3 604917526275828992,604917526275828992,1362647434,2016.0,132.8388886582103,0.20461448,11.802286259052298,0.11882191,0.11522104521590404,0.25481933,0.4521676,10.948159,9.156146388991436,0.25226453,-6.002264378200031,0.1887081,-0.27028653,-0.1402612,-0.18688977,0.070120916,0.18990397,0.12149509,-0.17211789,0.38106814,-0.23143013,-0.22676349,369,0,369,0,2.6173663,452.70267,0.4066769,0.7191479,95,False,,1.4875691,0.046405975,-0.11613305,-0.19830678,-0.20861582,-0.0038350613,0.24119763,43,18,0.37150395,46,9,0,0.047451153,10.169533,0,0,1.0977483,0.35862684,0.5465686,0.31854123,0.24464124,-176.98042,11.053436,-56.293755,-20.847551,False,373,516.426468340441,0.9807612,526.5568,18.904846,32,246.89470519406478,11.815758,20.895376,19.357264,31,404.6743006925138,7.435651,54.423523,18.230131,1.2616879,0,6,0,6,0,1.1271324,0.45241737,0.67471504,,,,,,,,,,,,,,,,,,,,,,,NOT_AVAILABLE,215.70025802085974,31.909564518479808,131.97254926573544,-5.615589516693989,False,False,0,False,False,False,False,False,True,False,False,8.504138e-11,1.616798e-10,0.9999805,4620.6733,4606.5103,4635.2974,4.8367,4.8174,4.8599,-1.3444,-1.4859,-1.2166,1883.9576,1814.7725,1946.4136,0.0044,0.0013,0.0112,0.0034,0.001,0.0088,0.0019,0.0005,0.0048,MARCS,0.01333541862341249
22,1636148068921376768,Gaia DR3 604917732433399424,604917732433399424,1266735570,2016.0,132.84182602002937,0.54192007,11.820684525717896,0.26803967,1.1289493204221561,0.6264611,1.802106,5.5455637,1.1315416134037979,0.8567635,-5.428893885061957,0.49581233,-0.1985906,-0.16488703,-0.14870277,-0.01124341,0.25259322,-0.00539296,-0.17645751,-0.11861328,-0.26842874,0.15237282,336,0,333,3,1.4989989,386.73923,0.8194379,0.5622864,95,False,,1.365009,0.10601421,-0.17429405,-0.15267998,-0.09178204,-0.1328543,0.15649451,39,16,1.1957328,41,7,0,0.048162676,11.541647,0,0,1.0581455,0.39702305,0.5994654,0.37619147,0.26212403,178.35898,7.0721684,-59.213566,-14.720525,False,336,184.9055650231439,0.92388105,200.14001,20.019993,26,54.50637888612598,7.2274313,7.541598,20.997423,32,220.80381389131887,8.7584505,25.210375,18.887878,1.4889232,0,0,0,0,0,2.1095448,0.97743034,1.1321144,,,,,,,,,,,,,,,,,,,,,,,NOT_AVAILABLE,215.68199112629284,31.919876613582044,131.97030535483555,-5.597102339468093,False,False,0,False,False,False,False,False,False,False,False,9.726585e-13,3.4322184e-08,0.9999858,,,,,,,,,,,,,,,,,,,,,,,0.01335621939479733
23,1636148068921376768,Gaia DR3 604917698074668032,604917698074668032,25256061,2016.0,132.83687655505196,4.305992,11.813775073325665,1.3651683,,,,,,,,,-0.7402685,,,,,,,,,,103,0,103,0,1.3719652,117.73469,2.2208383,0.72227824,3,False,,,,,,,,,12,7,7.0649724,12,1,1,0.041864447,100.09466,0,0,,0.7665954,0.70015603,0.3211358,0.19951797,-162.8805,14.173978,-40.70799,12.760463,False,101,75.35101536134033,1.0263805,73.41431,20.994644,5,50.50442416785709,6.583392,7.6714897,21.08022,9,90.4129870869834,17.45923,5.1785207,19.857319,1.8701462,0,0,0,0,0,1.2229004,0.085575104,1.1373253,,,,,,,,,,,,,,,,,,,,,,,NOT_AVAILABLE,215.68699536949572,31.91258502308479,131.96750750310107,-5.605068325957445,False,False,0,False,False,False,False,False,False,False,False,1.1903492e-05,0.0,0.99874383,,,,,,,,,,,,,,,,,,,,,,,0.013396008962588506
24,1636148068921376768,Gaia DR3 604917423195641472,604917423195641472,896358500,2016.0,132.85687611938312,0.58061516,11.798238209412926,0.3228875,-0.02837203466783782,0.70237,-0.040394716,11.8302555,-10.922482414152164,0.6825471,-4.544703128416791,0.6424678,-0.36984953,-0.31265208,-0.12280113,-0.10495058,0.28531146,-0.007908721,0.10795641,0.17918836,0.05302961,-0.43050355,340,0,340,0,-0.016264351,375.4814,0.0,0.0,95,False,,1.1320993,0.12314932,-0.16040313,-0.16020459,-0.22081374,0.028346661,0.16370495,40,16,1.098358,43,7,0,0.05723877,21.581884,0,0,0.99837315,0.50312185,0.59275,0.34121156,0.19621325,-172.85143,10.640916,-55.527065,-13.656092,False,338,146.52244673368062,0.7610615,192.52379,20.272606,20,44.870725055391944,6.70306,6.6940656,21.208635,32,172.87986762110424,6.329694,27.312517,19.153534,1.4861245,0,1,0,1,1,2.0551014,0.93602943,1.119072,,,,,,,,,,,,,,,,,,,,,,,NOT_AVAILABLE,215.71327366439658,31.923859562175714,131.99068098900443,-5.614699234301346,False,False,0,False,False,False,False,False,False,False,False,3.2233827e-13,4.5599684e-09,0.99999964,,,,,,,,,,,,,,,,,,,,,,,0.013543554803288836
25,1636148068921376768,Gaia DR3 604917698074520320,604917698074520320,900158858,2016.0,132.8362190508644,0.10598692,11.808738405249853,0.058438364,1.325873944561088,0.12675388,10.460223,11.697016,-11.318279099910018,0.12708071,-2.95241205622662,0.0989815,-0.26400378,-0.1839103,-0.111538894,0.007941959,0.14643641,0.0363025,0.049595077,0.3290693,-0.14762427,-0.26332352,372,0,372,0,0.28606802,391.2778,0.0,0.0,31,False,1.337799,,,,,,,,43,18,0.18679114,45,9,0,0.0640454,13.70192,0,0,1.0096662,0.35435662,0.55028844,0.3279902,0.26141834,-177.30403,10.298795,-56.80368,-19.244656,False,352,1440.8828587009245,1.5000254,960.5723,17.790794,34,389.0857802021342,8.859912,43.91531,18.863428,35,1548.9548272589204,9.416933,164.48613,16.772799,1.3450369,0,1,0,2,0,2.0906296,1.0726337,1.0179958,,,,,,,,,,,,,,,,,,,,,,,NOT_AVAILABLE,215.6920666538946,31.90989235134412,131.96826047197467,-5.610090345039605,False,False,0,False,False,False,False,False,True,True,False,1.0657475e-13,9.96971e-13,0.9996609,3818.6985,3798.2424,3835.0518,4.7373,4.7127,4.7725,-0.2255,-0.3354,-0.1419,602.0861,560.237,630.9864,0.6024,0.5713,0.625,0.419,0.3974,0.435,0.2379,0.2258,0.2465,MARCS,0.013553403230801639
26,1636148068921376768,Gaia DR3 604917625065211008,604917625065211008,1139794854,2016.0,132.84702966110643,0.042357028,11.796394766206399,0.023045043,1.2519023735041288,0.054835856,22.829996,11.304014,-10.970966665849096,0.055639327,-2.7237150221478927,0.03728575,-0.23710695,-0.005711277,-0.011377972,0.0098893065,0.17063239,0.08487379,-0.0023520873,0.44990772,-0.17713846,-0.19305773,373,0,373,0,1.6057799,430.10733,0.08287494,0.68675953,31,False,1.4602131,,,,,,,,43,17,0.08047177,45,8,0,0.09037928,12.737391,0,0,1.0588466,0.35894856,0.56995696,0.35234332,0.22475126,-178.64919,9.70522,-55.70743,-18.90209,False,386,6961.890811696437,3.2876666,2117.5781,16.08055,38,3072.1671302793875,21.331676,144.01901,16.61993,34,5703.88551152651,16.42963,347.17065,15.357469,1.2605846,1,0,1,0,0,1.2624617,0.539381,0.72308064,,,,,,,,,,,,,,,,,,,,,,,NOT_AVAILABLE,215.71049138320902,31.914334788524528,131.98186424903324,-5.619093342855947,False,False,0,True,False,False,False,False,True,True,False,1.0360651e-13,5.258194e-13,0.9998432,4650.4478,4631.1313,4670.8857,4.5551,4.531,4.5652,-0.0329,-0.0606,-0.0,833.5347,821.9686,867.8471,0.1018,0.0812,0.1252,0.079,0.0629,0.0971,0.0415,0.0331,0.0511,MARCS,0.01390802273798657
27,1636148068921376768,Gaia DR3 604917457556344320,604917457556344320,1193518142,2016.0,132.8635223036517,0.06801936,11.802757398041114,0.037530173,1.2571389989152442,0.08611525,14.598332,11.426017,-11.04712001927068,0.085541256,-2.9180481607346858,0.060089022,-0.30188602,-0.15223747,-0.19856259,0.07264547,0.15612267,0.108583845,-0.10034929,0.4111763,-0.26303244,-0.21440524,375,0,372,3,0.048939038,385.2407,0.0,0.0,31,False,1.3584452,,,,,,,,43,17,0.12548923,46,9,0,0.068041764,12.963499,0,0,1.0008982,0.33396104,0.56801265,0.28079984,0.22039689,-177.5153,11.903703,-56.2565,-17.796637,False,365,2951.9659898565537,2.1152048,1395.5935,17.012089,29,910.3313750636646,17.052956,53.382614,17.940544,26,2987.3204609552276,9.790643,305.11996,16.05969,1.3203579,0,1,0,0,0,1.8808537,0.92845535,0.9523983,,,,,,,,,,,,,,,,,,,,,,,NOT_AVAILABLE,215.71164744302283,31.931659723983962,131.99573722970715,-5.608581525531513,False,False,0,True,False,False,False,False,True,True,False,1.0378407e-13,5.298563e-13,0.9998262,4194.7856,4178.976,4204.9185,4.6665,4.6576,4.6755,0.0875,0.0287,0.1387,610.1721,597.6416,623.8346,0.7629,0.7321,0.7841,0.5467,0.5242,0.5622,0.2972,0.2853,0.3055,PHOENIX,0.015080289757886863
28,1636148068921376768,Gaia DR3 604917693779073280,604917693779073280,99683956,2016.0,132.83837198438843,0.41619313,11.821108300239162,0.20363572,1.304178659038271,0.46241248,2.8203795,12.449087,-12.252965940967082,0.46700922,-2.2010427547718394,0.34081548,-0.18278588,-0.34763095,0.060653146,0.2933617,0.1555673,0.18895558,-0.13512015,0.1787478,-0.33908686,-0.056534834,355,0,351,4,1.4127511,422.93484,0.7928255,0.93900883,95,False,,1.2112002,0.08104701,-0.24456923,-0.20767218,-0.08809618,-0.12563176,0.10984107,42,17,0.6525177,45,8,0,0.08177657,14.671035,0,0,1.0532786,0.45085058,0.5878231,0.30242342,0.24172637,-169.87766,7.683242,-54.008106,-15.639774,False,336,263.31662069223114,0.9035572,291.4222,19.636171,29,57.64964702827144,7.332137,7.862598,20.93655,32,309.6452894065896,7.427632,41.688293,18.520735,1.3948795,0,1,0,0,0,2.4158154,1.3003788,1.1154366,,,,,,,,,,,,,,,,,,,,,,,NOT_AVAILABLE,215.6798708642908,31.916983442801147,131.96692050449252,-5.597613297516293,False,False,0,False,False,False,False,False,False,False,False,3.085664e-13,3.421129e-12,0.9999795,,,,,,,,,,,,,,,,,,,,,,,0.015912171345848776
29,1636148068921376768,Gaia DR3 604918041671892352,604918041671892352,948230532,2016.0,132.86046098811008,0.013920163,11.822305410733648,0.007360915,1.1482388377692994,0.017031178,67.419815,11.035863,-10.752116040977233,0.017225692,-2.4864182536685666,0.012375325,-0.2446518,-0.054249436,-0.099987134,0.008807648,0.15261665,0.059408747,0.009167856,0.32321456,-0.1886595,-0.20903791,399,0,398,1,-0.109486304,394.11288,0.0,2.0275377e-15,31,False,1.5706466,,,,,,,,46,17,0.024804763,48,9,0,0.08027986,12.085141,0,0,0.99525034,0.34895447,0.5779333,0.31066397,0.23229934,-175.45653,9.68485,-55.30672,-15.987955,False,395,87186.1670691888,19.254227,4528.157,13.336247,43,48084.704802751854,26.313759,1827.3597,13.633525,41,55927.99692833029,23.2335,2407.2136,12.878822,1.1929954,0,1,0,1,0,0.75470257,0.29727745,0.45742512,33.449142,2.4922688,2,17,5,11,11.96575,,,870.9536,,6000.0,4.5,-0.5,111,,,,12.6406145,0.0853686,13,,NOT_AVAILABLE,215.6892503255174,31.93712067994486,131.98749961113356,-5.590584541254145,False,False,0,True,True,False,False,False,False,True,False,1.0355536e-13,5.1725383e-13,0.99984825,,,,,,,,,,,,,,,,,,,,,,,0.016009039207975632
30,1636148068921376768,Gaia DR3 604917526277417856,604917526277417856,148927697,2016.0,132.83731691387266,0.50395596,11.799741890268184,0.29085273,-0.36902481429609457,0.62529635,-0.5901599,2.8094156,-0.795286267003219,0.6122053,-2.6945009082353857,0.45282957,-0.31139654,-0.18809257,-0.2884909,0.1577475,0.2216121,0.19849028,-0.26324767,0.415328,-0.25763452,-0.2410741,379,0,378,1,0.21715763,395.5366,0.0,0.0,95,False,,1.584045,0.11379143,-0.100562274,-0.19580764,-0.2547076,-0.010330618,0.25480565,44,18,0.9208415,46,46,0,0.0722011,8.89229,1,0,1.0070736,0.36367422,0.5537852,0.3304699,0.23570439,-175.89395,10.808937,-55.49139,-19.71355,False,385,152.67959339587316,0.7131569,214.08977,20.227915,25,78.41840857183962,7.0291166,11.156225,20.602497,26,90.73851838784016,7.2312927,12.548036,19.853416,1.107921,0,1,0,1,0,0.74908066,0.3745823,0.37449837,,,,,,,,,,,,,,,,,,,,,,,NOT_AVAILABLE,215.70222120266183,31.90710209510345,131.97175630990364,-5.618456241693608,False,False,0,False,False,False,False,False,False,False,False,0.00015280105,3.2807663e-11,0.99984705,,,,,,,,,,,,,,,,,,,,,,,0.016105390793816392
31,1636148068921376768,Gaia DR3 604917698073661952,604917698073661952,327484685,2016.0,132.83290451845278,0.20633155,11.811325792496604,0.10874257,1.2013768231096174,0.24617073,4.8802586,11.127942,-10.795048813201682,0.25131473,-2.7014849033962096,0.174909,-0.25897336,-0.17009793,-0.27801162,0.092004895,0.17567766,0.13048014,-0.18751952,0.30578497,-0.29136407,-0.15559517,349,0,349,0,0.686738,390.205,0.44103357,0.9341348,95,False,,1.8017671,0.04394874,-0.11952519,-0.1581278,-0.21890005,-0.020378416,0.22191846,40,17,0.3648808,42,8,0,0.16007946,11.418255,0,0,1.0253539,0.35650456,0.57267356,0.3194948,0.2158272,-174.57503,9.302656,-54.367588,-19.128412,False,352,602.9159098376624,1.5008008,401.72946,18.736725,7,624.5978527571898,82.36134,7.5836287,18.34954,6,223.69893376308474,13.603014,16.444807,18.873735,1.4069902,0,0,0,0,0,-0.5241947,-0.38718414,-0.13701057,,,,,,,,,,,,,,,,,,,,,,,NOT_AVAILABLE,215.687698789889,31.908028890682342,131.96441667826733,-5.6084819577931615,False,False,0,False,False,False,False,False,False,False,False,2.9024545e-07,7.776698e-06,4.9932838e-05,,,,,,,,,,,,,,,,,,,,,,,0.016792272255528408
32,1636148068921376768,Gaia DR3 604917693778923264,604917693778923264,202898919,2016.0,132.83285315934972,0.05499217,11.810439023163077,0.0301541,0.8632185300297177,0.06640121,13.000042,6.144552,-3.753034145489379,0.070265524,-4.865208889582708,0.051649276,-0.30518606,-0.19165201,0.0136157265,-0.040921666,0.20763707,-0.005220417,0.080500245,0.21840517,-0.109453745,-0.23038368,356,0,353,3,-0.247076,356.23764,0.0,0.0,31,False,1.4640756,,,,,,,,41,17,0.10048052,43,7,0,0.05863953,17.372225,0,0,0.98969454,0.41649756,0.57105196,0.30819958,0.22398722,-174.80779,10.351765,-56.678074,-18.518616,False,364,4394.724404797654,2.2465749,1956.1887,16.580038,33,1937.4268573369127,14.359549,134.92255,17.12048,32,3487.9109874153132,13.881224,251.26826,15.891482,1.2345115,0,2,0,2,0,1.2289972,0.5404415,0.6885557,,,,,,,,,,,,,,,,,,,,,,,NOT_AVAILABLE,215.6886227031448,31.90761206262136,131.96461019057378,-5.6093490205397245,False,False,0,True,False,False,False,False,True,True,False,1.03460744e-13,5.168902e-13,0.9998576,4745.278,4734.7393,4756.9707,4.6476,4.6385,4.6555,0.0103,-0.0289,0.0414,988.4622,975.5236,1002.1511,0.0118,0.0034,0.0268,0.0092,0.0026,0.0208,0.0048,0.0013,0.0109,PHOENIX,0.016795584693517548
33,1636148068921376768,Gaia DR3 604917423196609280,604917423196609280,1232054782,2016.0,132.8556647740653,0.052130606,11.792844689726236,0.031511966,1.0055823609241108,0.061676245,16.304209,12.938368,-12.802670548744741,0.06529384,-1.868956643957089,0.05673965,-0.31381217,-0.023165211,0.10944653,-0.21693085,0.22452036,-0.1319812,0.3340596,0.20187084,0.027926605,-0.31755808,345,345,344,1,53.011177,6999.987,0.4341112,246.88489,31,True,1.5676329,,,,,,,,40,16,0.099204786,43,7,1,0.085283436,13.507456,0,0,3.617667,,,,,,,,,False,354,208277.85449708553,41.909237,4969.7363,12.390759,40,114248.82690619644,63.16828,1808.6423,12.6939125,40,134431.61607744117,54.64094,2460.2727,11.926642,1.193984,0,0,0,0,0,0.7672701,0.30315304,0.46411705,31.634874,1.497428,1,19,9,13,24.916248,3.8325276,3.9700835e-06,870.9536,21.28275,6000.0,4.0,0.5,444,,,,11.701208,0.018737242,10,25.416075,NOT_AVAILABLE,215.71845933289126,31.9205243618044,131.99100772447417,-5.620211979692082,False,False,0,True,True,True,False,False,True,True,False,1.0360651e-13,5.175093e-13,0.9998432,6019.5913,5986.5796,6125.594,3.9753,3.8734,4.1469,-0.2812,-0.3093,-0.2255,775.6292,579.2445,923.8424,0.0749,0.0593,0.1309,0.0635,0.0502,0.1112,0.034,0.0269,0.0597,PHOENIX,0.01802191389006777
34,1636148068921376768,Gaia DR3 604917320118983936,604917320118983936,1325891078,2016.0,132.85119731670474,0.02566358,11.791210220915213,0.013309753,1.148057043344093,0.030604886,37.512215,11.739299,-11.305285446062516,0.032397166,-3.1625404724034905,0.023381595,-0.2438921,-0.15865645,-0.16699812,0.12394787,0.13686225,0.13518934,-0.16210414,0.3053468,-0.15932068,-0.22583795,351,0,351,0,-1.0630623,334.2762,0.0,0.0,95,False,,1.526776,0.0052579474,-0.062238615,-0.1696659,-0.17087612,-0.05776543,0.21388909,41,17,0.04694111,43,43,0,0.07216029,17.219645,1,0,0.9588512,0.3139589,0.5782916,0.2852658,0.20953807,-168.94547,11.235324,-51.9782,-16.95161,False,321,23636.465868754705,7.573372,3120.9963,14.75341,31,12176.034126058643,13.792987,882.76996,15.124778,29,16385.484298487463,15.433332,1061.6945,14.211747,1.2083668,0,0,0,0,0,0.9130306,0.37136745,0.54166317,33.56146,4.7379766,2,16,5,11,5.0808268,,,902.36176,,5500.0,4.5,0.0,0,,,,13.641249,0.1374489,11,,NOT_AVAILABLE,215.7180505057777,31.915868641382417,131.9872253713693,-5.622973724649579,False,False,0,False,False,False,False,False,True,True,False,1.03226245e-13,5.1561256e-13,0.9998808,5558.1196,5531.9067,5591.1562,4.5254,4.5004,4.5444,-0.1967,-0.223,-0.1671,763.7773,746.0028,785.8778,0.0619,0.048,0.0784,0.051,0.0395,0.0646,0.0271,0.021,0.0344,PHOENIX,0.018820172622264167
35,1636148068921376768,Gaia DR3 604917590699705344,604917590699705344,813633336,2016.0,132.8300138955485,0.07778433,11.807489761993267,0.042968683,1.351418185318358,0.0950965,14.2110195,11.397192,-10.998968396660732,0.09726122,-2.986414316207617,0.06912872,-0.25785884,-0.15901487,-0.09564259,0.09823671,0.17294455,0.10716664,-0.06706453,0.33649832,-0.22818716,-0.17674129,362,0,359,3,-0.5687539,354.44543,0.0,0.0,31,False,1.3624117,,,,,,,,42,18,0.13968545,44,8,0,0.072991855,10.893853,0,0,0.9777665,0.38122964,0.5634525,0.3074265,0.25663978,-174.92096,9.292437,-56.723843,-18.317247,False,357,2283.9135625318067,1.8046316,1265.5844,17.290668,31,701.3224714471905,9.308567,75.34161,18.223747,31,2262.476993629322,13.202577,171.36632,16.361435,1.2976846,0,0,0,1,0,1.8623123,0.93307877,0.92923355,,,,,,,,,,,,,,,,,,,,,,,NOT_AVAILABLE,215.69040749513084,31.903853568518457,131.96272796662333,-5.6129424924580995,False,False,0,True,False,False,False,False,True,True,False,1.028483e-13,5.982489e-13,0.9999243,4049.8577,4036.7239,4071.0989,4.6569,4.6451,4.6673,-0.0022,-0.0398,0.0337,681.8116,670.5472,694.7535,0.5506,0.5236,0.5843,0.394,0.3745,0.4183,0.2152,0.2047,0.2282,MARCS,0.0197285702659623
36,1636148068921376768,Gaia DR3 604917594995647104,604917594995647104,573972008,2016.0,132.8306575238672,15.161678,11.80250778947188,4.8253307,,,,,,,,,-0.64619833,,,,,,,,,,51,0,51,0,11.451376,264.30997,17.61207,11.026516,3,False,,,,,,,,,6,4,5887.529,7,0,2,0.92538464,7.2643356,0,0,,0.6652841,0.8988383,0.51795846,0.633768,-166.4661,9.680978,-45.03015,10.133039,False,36,50.62237097411369,1.915101,26.433264,21.42651,3,46.68222079022641,6.1526856,7.5872917,21.165663,3,122.67480053518943,30.38753,4.037011,19.526007,3.3454976,0,0,0,0,0,1.6396561,-0.2608471,1.9005032,,,,,,,,,,,,,,,,,,,,,,,NOT_AVAILABLE,215.696047657719,31.90234018551233,131.96469745285853,-5.61756582789756,False,False,0,False,False,False,False,False,False,False,False,0.000110420704,1.11999525e-05,0.99881417,,,,,,,,,,,,,,,,,,,,,,,0.02036509705717404
37,1636148068921376768,Gaia DR3 604917728138508160,604917728138508160,1755762730,2016.0,132.84901041231075,0.03186364,11.830359410314017,0.017313974,1.1074495819292327,0.043416023,25.507854,11.521483,-11.17116442877576,0.03994434,-2.81951394213323,0.027909858,-0.3225704,-0.34926504,-0.21046904,0.17797168,0.35514715,0.2035618,-0.14544816,0.4820932,-0.3987342,-0.2958271,332,332,316,16,11.427863,2467.3513,0.22343984,76.83574,31,False,1.5009962,,,,,,,,38,17,0.060993053,41,8,0,0.02700876,10.193145,0,0,1.4903806,,,,,,,,,False,331,600462.8285228795,663.4282,905.0909,11.241152,34,288697.73281595064,797.7581,361.8863,11.687434,33,444594.7348032112,879.70526,505.39056,10.627985,1.2212121,0,0,0,0,0,1.0594492,0.4462824,0.6131668,26.575106,1.7672437,1,24,7,15,67.02831,27.36425,0.0,902.36176,19.164667,5000.0,3.5,0.0,222,8.5437565,4.7200418,16,10.387849,0.008753286,17,70.54418,NOT_AVAILABLE,215.67510484140323,31.930311701206566,131.9744627986086,-5.585880444234426,False,False,2,True,True,True,False,False,True,True,False,1.0299463e-13,5.1445306e-13,0.9999037,5169.6416,5161.03,5176.2417,3.2556,3.2362,3.283,-0.0776,-0.0788,-0.0759,728.301,704.5585,745.4634,0.1707,0.1646,0.1756,0.1377,0.1327,0.1417,0.073,0.0704,0.0752,MARCS,0.020388481356784734
38,1636148068921376768,Gaia DR3 604918110391371136,604918110391371136,909152646,2016.0,132.85150397017247,0.029490454,11.830684842864347,0.01713926,1.1538490674614794,0.03508476,32.88747,11.228637,-10.817020422873107,0.03554372,-3.012367445863517,0.025393505,-0.30841428,-0.04500549,0.005098177,0.08143352,0.008230539,0.04744472,-0.05146145,0.26944348,-0.18541548,-0.14536305,332,9,331,1,5.2280707,494.71732,0.12711118,4.28688,31,False,1.5248847,,,,,,,,39,18,0.050303064,45,8,0,0.0795683,12.664705,0,0,1.2104927,,,,,,,,,False,306,20902.952357457376,6.626602,3154.3997,14.8868475,34,10714.909629209676,33.849842,316.5424,15.263571,35,14914.084986363974,35.611935,418.7946,14.313904,1.2260945,0,34,0,35,0,0.949667,0.3767233,0.5729437,,,,,,,,,,,,,,,,,,,,,,,NOT_AVAILABLE,215.67595978646,31.932664556512538,131.97673382697,-5.58490388091349,False,False,0,True,True,False,False,False,True,True,False,1.03910167e-13,5.198006e-13,0.99981314,5309.916,5285.8545,5336.017,4.451,4.4345,4.4665,-0.3322,-0.3585,-0.3043,819.9207,800.0966,843.5749,0.0616,0.0444,0.0794,0.0505,0.0363,0.0651,0.027,0.0194,0.0349,MARCS,0.020742502187100983
39,1636148068921376768,Gaia DR3 604917590699706240,604917590699706240,742557784,2016.0,132.8287306201609,0.5024531,11.808988457621902,0.27491686,0.17471728328415959,0.6520335,0.2679575,2.7877455,0.24620874424674752,0.6561049,-2.7768518344285993,0.44039163,-0.326647,-0.13521862,-0.30463213,0.15258661,0.16446613,0.18909013,-0.19006819,0.47588223,-0.3679736,-0.28148493,333,0,330,3,-0.2692603,341.31766,0.435086,0.16203485,31,False,1.5696846,,,,,,,,39,16,0.9867525,40,6,0,0.09879089,6.941617,0,0,0.9884355,0.37414485,0.58930176,0.3736709,0.25661054,-178.13225,9.016736,-57.183674,-15.284919,False,334,168.47723013261012,0.78339046,215.06163,20.121014,32,100.86392832504102,11.199077,9.006451,20.329203,31,96.24112030012206,6.7373285,14.2847595,19.789494,1.169921,0,0,0,0,0,0.5397091,0.20818901,0.33152008,,,,,,,,,,,,,,,,,,,,,,,NOT_AVAILABLE,215.68818486580759,31.903340126141877,131.9611040996757,-5.611841492981541,False,False,0,False,False,False,False,False,False,False,False,0.00020067181,1.9846742e-11,0.9997635,,,,,,,,,,,,,,,,,,,,,,,0.020849291179789273
40,1636148068921376768,Gaia DR3 604917590699705472,604917590699705472,1759356710,2016.0,132.8290198908943,0.22112064,11.806032970371136,0.13307267,1.5379603233919634,0.2694436,5.707912,11.4070015,-11.109227775503236,0.26232758,-2.5893504021364144,0.19712208,-0.40494314,-0.20051068,-0.2894053,0.22816357,0.21612236,0.24492759,-0.3216708,0.43147948,-0.29416773,-0.30236632,349,0,345,4,0.0976733,370.4888,0.2375839,0.23361038,95,False,,1.2869434,0.04727891,-0.14751494,-0.13878925,-0.16244964,0.030981872,0.20431577,40,18,0.40396973,42,9,0,0.0231147,8.716963,0,0,1.0027691,0.35237595,0.55673254,0.30238247,0.18429308,-175.2329,14.342408,-53.75744,-21.734268,False,336,509.65089813618357,1.0217425,498.80566,18.919186,27,104.93243278331605,10.962852,9.571637,20.286268,30,557.4885125193664,10.721771,51.995934,17.882305,1.2997543,0,2,0,1,0,2.403963,1.3670826,1.0368805,,,,,,,,,,,,,,,,,,,,,,,NOT_AVAILABLE,215.69148616233184,31.902360127612145,131.962184832735,-5.614608850799012,False,False,0,False,False,False,False,False,True,False,False,3.9819577e-13,3.678296e-12,0.9999574,3332.059,3322.247,3344.6865,4.7006,4.6509,4.8125,-1.2347,-1.262,-1.1939,378.4892,338.4193,400.4316,0.0299,0.009,0.0644,0.0199,0.006,0.0429,0.0119,0.0035,0.0256,MARCS,0.020920433460145303
41,1636148068921376768,Gaia DR3 604917453260607488,604917453260607488,468414524,2016.0,132.86951967073117,0.015974585,11.800595695400723,0.008845528,1.1273424033916668,0.019156292,58.84972,11.764997,-11.297816579310112,0.019442348,-3.2824495654134567,0.014373853,-0.3272687,-0.031464502,-0.16861998,0.0769374,0.077040784,0.09635363,-0.09953485,0.287937,-0.15807025,-0.25701043,364,0,363,1,2.7366004,437.93423,0.021895342,0.34986943,31,False,1.5495847,,,,,,,,42,17,0.028372874,44,9,0,0.07085245,14.628499,0,0,1.1030333,0.27268246,0.568412,0.28679076,0.17320506,-170.07483,13.290893,-50.577766,-18.0887,False,338,66558.9361568616,12.436706,5351.814,13.629351,34,35305.176846271286,26.043034,1355.6476,13.968946,34,44851.92196626625,26.836159,1671.3242,13.118443,1.2043025,0,0,0,0,0,0.8505039,0.3395958,0.5109081,34.409958,3.5912642,2,18,9,13,10.582469,,,870.9536,,5500.0,4.5,-0.75,111,,,,12.803295,0.059936803,9,,NOT_AVAILABLE,215.7168568317509,31.936085963856907,132.0020044247177,-5.609065530238138,False,False,0,False,False,False,False,False,False,True,False,1.0299463e-13,5.1445306e-13,0.9999037,5947.5063,5935.92,5959.658,4.1973,4.1886,4.2074,-0.435,-0.4451,-0.4253,853.5349,838.8197,866.6697,0.2369,0.2308,0.2429,0.1994,0.1941,0.2044,0.1075,0.1046,0.1102,PHOENIX,0.021288006812673222
42,1636148068921376768,Gaia DR3 604917423196124032,604917423196124032,792883690,2016.0,132.86661553676416,4.7085285,11.79611710653655,1.4084548,,,,,,,,,-0.57313246,,,,,,,,,,114,0,111,3,1.8329659,134.20914,5.4348817,1.9187056,3,False,,,,,,,,,14,7,17.907034,15,3,1,1.2014858,95.917336,0,0,,0.8111843,0.7835538,0.49904054,0.32670462,-170.0379,5.411093,-51.45107,-0.40925232,False,111,72.65502083572574,1.1609269,62.58363,21.034203,10,66.81257944639853,15.932233,4.1935477,20.776396,7,48.80808136517991,11.845333,4.120448,20.526667,1.5913651,0,0,0,0,0,0.24972916,-0.25780678,0.50753593,,,,,,,,,,,,,,,,,,,,,,,NOT_AVAILABLE,215.72024666129283,31.931629158530022,132.00047924876276,-5.614148367208218,False,False,0,False,False,False,False,False,False,False,False,0.011864299,0.0,0.987408,,,,,,,,,,,,,,,,,,,,,,,0.02137544693025205
43,1636148068921376768,Gaia DR3 604917423196606848,604917423196606848,47583186,2016.0,132.8637038529213,0.02211955,11.792491741296708,0.011443924,0.5710246427689917,0.026298642,21.713083,5.003705,-4.248704738453986,0.02764888,-2.643023342197301,0.019376947,-0.20871167,-0.068614036,-0.1814768,-0.054286156,0.16758308,0.030162644,-0.026767412,0.3139171,-0.21778992,-0.13553935,384,0,383,1,-0.2233405,385.06528,0.0,0.0,31,True,1.5950499,,,,,,,,44,17,0.03942214,46,9,0,0.0833159,11.831931,0,0,0.9910089,0.31946972,0.5734842,0.3120046,0.2566203,-178.53096,8.666754,-56.81669,-16.40796,False,387,26995.96459924927,7.8920293,3420.662,14.609119,38,15491.711048155628,22.31003,694.38324,14.863294,37,16576.429969557157,17.517244,946.2921,14.199168,1.1878865,0,1,0,0,0,0.66412544,0.25417423,0.4099512,,,,,,,,,,,,,,,,,,,,,,,NOT_AVAILABLE,215.72271952204852,31.927522775852278,131.9987136930515,-5.618412126981585,False,False,0,True,True,False,False,False,True,True,False,1.0314636e-13,5.1534964e-13,0.9998887,6403.1772,6367.1426,6428.8896,4.1704,4.117,4.1991,-0.628,-0.649,-0.6092,1631.4545,1562.2382,1766.545,0.1468,0.1298,0.1603,0.1273,0.1125,0.1391,0.0691,0.061,0.0755,MARCS,0.02204815406338948
44,1636148068921376768,Gaia DR3 604918041671889792,604918041671889792,906005306,2016.0,132.86723116425335,0.014144384,11.824293743634895,0.007283016,1.1683850267716152,0.016892385,69.166374,10.793362,-10.523383169197444,0.01740642,-2.3989707883369396,0.012523665,-0.26711598,-0.10333358,-0.18652396,0.03056407,0.11037018,0.061984245,-0.04696569,0.30625775,-0.15288228,-0.25030872,388,380,387,1,-0.034752283,594.30255,0.058794457,4.286298,31,False,1.5957975,,,,,,,,45,17,0.025321113,47,9,0,0.043174013,16.891184,0,0,0.99787086,,,,,,,,,False,396,161351.82437369277,306.8996,525.7479,12.6679325,45,92686.3167313688,558.29364,166.01715,12.921003,44,98699.20803285475,624.743,157.9837,12.262112,1.1861379,0,2,0,1,0,0.6588917,0.25307083,0.40582085,44.02456,7.5830235,2,22,4,12,22.142002,,,870.87964,,6250.0,4.5,-0.5,111,,,,12.048502,0.027377557,18,21.1777,VARIABLE,215.69039011025868,31.943971154595122,131.9933638111551,-5.586869460518398,False,False,0,True,True,True,True,False,True,True,False,1.032973e-13,5.159649e-13,0.99987376,6451.9707,6436.3765,6467.6807,4.0725,4.0602,4.0826,-0.2696,-0.2837,-0.2557,824.9382,812.8088,841.0044,0.1387,0.1299,0.1471,0.1205,0.1129,0.1279,0.0651,0.0609,0.0691,MARCS,0.022107470178025928
45,1636148068921376768,Gaia DR3 604917320117398528,604917320117398528,831254930,2016.0,132.84913659265166,0.032098744,11.78778762734426,0.018134087,1.5846321187428503,0.03802404,41.67448,10.51907,-10.086317364210746,0.040577635,-2.9861409607634197,0.034745194,-0.34180656,-0.03978513,0.051226057,-0.24832399,0.08977046,-0.1536882,0.31935307,0.35732695,-0.14729805,-0.3635034,375,375,366,9,25.92662,2372.353,0.24693441,69.72376,31,False,1.5224016,,,,,,,,42,16,0.062746026,44,7,0,0.07735594,13.354236,0,0,2.1053052,,,,,,,,,False,371,166679.81981450025,31.413082,5306.064,12.632659,41,83735.90232223197,41.723537,2006.9224,13.031263,40,117912.91096118322,49.955704,2360.3494,12.068992,1.2097974,0,1,0,0,0,0.9622717,0.3986044,0.5636673,29.674194,1.768144,1,20,5,11,22.827852,5.9127755,5.8177463e-11,852.9503,21.144867,5250.0,1.0,-0.5,111,,,,11.802273,0.0136644095,15,,NOT_AVAILABLE,215.72071680050365,31.91260350492218,131.98620955212778,-5.626815791818585,False,False,3,True,True,False,False,False,True,True,False,1.02736226e-13,5.1316227e-13,0.9999293,5623.08,5560.8633,5659.8105,3.9827,3.9533,4.0052,-0.1113,-0.1577,-0.0713,556.7675,544.9752,576.0962,0.2056,0.1723,0.2257,0.1691,0.1414,0.1856,0.09,0.0752,0.0988,PHOENIX,0.02222290099657652
46,1636148068921376768,Gaia DR3 604917732434251136,604917732434251136,1455396439,2016.0,132.84527680950032,0.20101942,11.832136732266285,0.10554618,0.1467277943507016,0.25197402,0.5823132,5.751592,1.5606641007304238,0.25650465,-5.535805419462674,0.17924125,-0.24799356,-0.29448602,-0.3617166,0.014843302,0.31477454,0.15718295,-0.12758586,0.50655967,-0.26106212,-0.18522322,334,0,327,7,3.4855096,437.62112,0.62891865,2.7923713,95,False,,1.4093555,0.043035578,0.041478597,-0.27202675,-0.29165938,-0.14344344,0.31027102,39,18,0.38419214,41,7,0,0.048702564,5.2678714,0,0,1.1395845,0.42924586,0.57898927,0.37331936,0.26552364,179.37067,8.969892,59.318226,-15.427853,False,315,766.6167776580077,1.4135754,542.32465,18.475922,37,307.14699644167825,14.2435465,21.563942,19.120176,32,716.3489957003369,7.5489826,94.89345,17.610085,1.3350817,0,1,0,2,0,1.5100918,0.6442547,0.8658371,,,,,,,,,,,,,,,,,,,,,,,NOT_AVAILABLE,215.6714012941557,31.92773626482651,131.9704439284517,-5.5851632528856605,False,False,0,False,False,False,False,False,True,False,False,1.7214107e-12,4.168013e-09,0.9999688,4050.9338,4036.4978,4077.948,4.8627,4.8143,4.9101,-1.021,-1.1745,-0.8335,957.5009,868.6888,1048.3958,0.0272,0.0064,0.065,0.02,0.0047,0.0478,0.0108,0.0025,0.0257,MARCS,0.022621158388077916
47,1636148068921376768,Gaia DR3 604917526275831040,604917526275831040,893935949,2016.0,132.82987263744636,0.01485349,11.798511415909555,0.00826429,1.1693028487856258,0.018420544,63.4782,11.435167,-10.989821757563597,0.01842429,-3.1602018993989436,0.013284261,-0.26152486,-0.043752078,-0.107031316,0.015446548,0.14836289,0.068689086,0.012937307,0.33432776,-0.17532259,-0.21185175,381,0,381,0,1.2030838,411.386,0.0,0.0,31,False,1.5694947,,,,,,,,44,18,0.026594704,46,9,0,0.08847857,12.707831,0,0,1.0432919,0.36941487,0.56069213,0.33538118,0.23346631,-176.81088,10.459918,-55.874767,-19.034931,False,335,72566.30814206497,23.396034,3101.65,13.535529,32,39940.20289872138,47.137463,847.31335,13.835016,32,46839.9893267699,43.818462,1068.9556,13.071354,1.1958745,0,0,0,0,0,0.76366234,0.2994871,0.46417522,25.581284,4.244026,2,23,11,15,11.991625,,,902.3617,,6000.0,4.0,-0.25,222,,,,12.727309,0.083606765,13,,NOT_AVAILABLE,215.6999437493214,31.899969348545802,131.96504565518148,-5.62162060306662,False,False,0,True,True,False,False,False,False,True,False,1.03460744e-13,5.167812e-13,0.9998576,6168.929,6150.628,6191.1714,4.2802,4.257,4.3258,-0.381,-0.39,-0.3713,780.6126,729.4477,807.8426,0.173,0.1636,0.1841,0.1474,0.1393,0.157,0.0794,0.0751,0.0847,PHOENIX,0.022808824923636933
48,1636148068921376768,Gaia DR3 604917526276009344,604917526276009344,552650058,2016.0,132.83573418547533,5.1327896,11.791815154914183,3.748882,,,,,,,,,-0.5987008,,,,,,,,,,42,0,42,0,3.399131,73.56042,8.144665,3.1421993,3,False,,,,,,,,,5,5,15.488714,5,2,2,0.07534117,97.45179,0,0,,0.30584413,0.59596187,0.2828563,0.3160825,-115.59804,31.71245,-18.213816,-34.47463,False,42,64.603044170758,1.5711035,41.119537,21.161734,0,,,,,4,49.236025895893995,9.941515,4.9525676,20.517187,,,,0,0,2,,,0.6445465,,,,,,,,,,,,,,,,,,,,,,,NOT_AVAILABLE,215.70993651498674,31.902376174355208,131.97242268523854,-5.626505694211485,False,False,0,False,False,False,False,False,False,False,False,9.388505e-05,8.162353e-06,0.9994149,,,,,,,,,,,,,,,,,,,,,,,0.022926911461126777
49,1636148068921376768,Gaia DR3 604917320117398144,604917320117398144,1035733332,2016.0,132.85021284780873,0.015133842,11.786558491337466,0.008135203,0.9626291131466256,0.018443596,52.19314,6.764286,-1.277872020926064,0.018694099,-6.6424849420802605,0.01343038,-0.25922212,-0.09238763,-0.13361609,-0.00041443753,0.14434299,0.048956145,-0.011593036,0.32826912,-0.1923876,-0.22059435,388,0,387,1,0.11360291,386.28915,0.0,0.0,31,False,1.5701636,,,,,,,,45,18,0.02702913,47,9,0,0.076129675,12.821998,2,0,1.0032392,0.33479422,0.5667152,0.29320186,0.23572205,-175.25436,10.007652,-55.415035,-17.784492,False,392,67177.85802694717,16.17135,4154.128,13.619302,9,37982.7673347305,170.72841,222.4748,13.889576,9,44652.585936432406,185.9221,240.16824,13.123279,1.230098,0,0,0,0,0,0.76629734,0.27027416,0.49602318,69.28565,3.9553874,2,14,8,12,9.162491,,,902.36176,,5750.0,3.5,-0.75,111,,,,12.802804,0.04520274,7,,NOT_AVAILABLE,215.72255148648014,31.913045471058332,131.9875640838446,-5.627712256993925,False,False,0,False,False,False,False,False,False,True,False,1.0481878e-13,5.2356454e-13,0.9997233,,,,,,,,,,,,,,,,,,,,,,,0.02343661192647277
